Rk,Player,Tm,Age,Pos,G,GS,Att,Yds,TD,1D,Lng,Y/A,Y/G,Fmb
1,Derrick Henry *\HenrDe00,TEN,26,RB,16,16,378,2027,17,98,94,5.4,126.7,3
2,Dalvin Cook*\CookDa01,MIN,25,RB,14,14,312,1557,16,91,70,5.0,111.2,5
3,Josh Jacobs*\JacoJo01,LVR,22,RB,15,15,273,1065,12,61,28,3.9,71.0,2
4,David Montgomery\MontDa01,CHI,23,RB,15,14,247,1070,8,59,80,4.3,71.3,1
5,Ezekiel Elliott\ElliEz00,DAL,25,RB,15,15,244,979,6,62,31,4.0,65.3,6
6,James Robinson\RobiJa00,JAX,22,RB,14,14,240,1070,7,54,47,4.5,76.4,3
7,Kenyan Drake\DrakKe00,ARI,26,RB,15,13,239,955,10,59,69,4.0,63.7,3
8,Jonathan Taylor\TaylJo02,IND,21,RB,15,13,232,1169,11,69,62,5.0,77.9,1
9,Melvin Gordon\GordMe00,DEN,27,RB,15,10,215,986,9,46,65,4.6,65.7,4
10,Aaron Jones*\JoneAa00,GNB,26,RB,14,14,201,1104,9,52,77,5.5,78.9,2
11,Kareem Hunt\HuntKa00,CLE,25,rb,16,5,198,841,6,44,33,4.2,52.6,2
12,Todd Gurley\GurlTo01,ATL,26,RB,15,15,195,678,9,45,35,3.5,45.2,2
13,Ronald Jones II\JoneRo01,TAM,23,RB,14,13,192,978,7,48,98,5.1,69.9,2
14,Nick Chubb*\ChubNi00,CLE,25,RB,12,12,190,1067,12,56,59,5.6,88.9,1
15,Frank Gore\GoreFr00,NYJ,37,RB,15,14,187,653,2,32,17,3.5,43.5,1
16,Alvin Kamara *\KamaAl00,NOR,25,RB,15,10,187,932,16,58,49,5.0,62.1,1
17,Clyde Edwards-Helaire\EdwaCl00,KAN,21,RB,13,13,181,803,4,39,31,4.4,61.8,0
18,Antonio Gibson\GibsAn00,WAS,22,RB,14,10,170,795,11,40,40,4.7,56.8,2
19,James Conner\ConnJa00,PIT,25,RB,13,11,169,721,6,42,59,4.3,55.5,2
20,Mike Davis\DaviMi01,CAR,27,RB,15,12,165,642,6,38,25,3.9,42.8,1
21,Miles Sanders\SandMi01,PHI,23,RB,12,11,164,867,6,39,82,5.3,72.3,4
22,Lamar Jackson\JackLa00,BAL,23,QB,15,15,159,1005,7,56,50,6.3,67.0,10
23,Adrian Peterson\PeteAd01,DET,35,RB,16,10,156,604,7,34,38,3.9,37.8,0
24,Devin Singletary\SingDe00,BUF,23,RB,16,16,156,687,2,40,51,4.4,42.9,1
25,Wayne Gallman\GallWa00,NYG,26,RB,15,10,147,682,6,36,60,4.6,45.5,1
26,David Johnson\JohnDa08,HOU,29,RB,12,12,147,691,6,38,48,4.7,57.6,2
27,Latavius Murray\MurrLa00,NOR,30,rb,15,7,146,656,4,36,36,4.5,43.7,1
28,Cam Akers\AkerCa00,LAR,21,rb,13,5,145,625,2,26,61,4.3,48.1,1
29,Gus Edwards\EdwaGu00,BAL,25,rb,16,6,144,723,6,45,36,5.0,45.2,1
30,Myles Gaskin\GaskMy00,MIA,23,rb,10,7,142,584,3,27,26,4.1,58.4,2
31,Chris Carson\CarsCh00,SEA,26,RB,12,12,141,681,5,43,29,4.8,56.8,1
32,Darrell Henderson\HendDa00,LAR,23,RB,15,11,138,624,5,40,40,4.5,41.6,0
33,Damien Harris\HarrDa06,NWE,23,RB,10,10,137,691,2,30,41,5.0,69.1,1
34,Cam Newton\NewtCa00,NWE,31,QB,15,15,137,592,12,55,49,4.3,39.5,6
35,J.K. Dobbins\DobbJK00,BAL,22,rb,15,1,134,805,9,38,72,6.0,53.7,2
36,Kyler Murray *\MurrKy00,ARI,23,QB,16,16,133,819,11,52,48,6.2,51.2,9
37,Jeff Wilson\WilsJe01,SFO,25,rb,12,3,126,600,7,31,34,4.8,50.0,2
38,Giovani Bernard\BernGi00,CIN,29,RB,16,10,124,416,3,23,15,3.4,26.0,1
39,Joe Mixon\MixoJo00,CIN,24,rb,6,6,119,428,3,20,34,3.6,71.3,1
40,Jamaal Williams\WillJa06,GNB,25,rb,14,3,119,505,2,29,25,4.2,36.1,0
41,Phillip Lindsay\LindPh00,DEN,26,rb,11,8,118,502,1,19,55,4.3,45.6,0
42,Austin Ekeler\EkelAu00,LAC,25,RB,10,10,116,530,1,26,27,4.6,53.0,1
43,D'Andre Swift\SwifDA00,DET,21,rb,13,4,114,521,8,31,54,4.6,40.1,3
44,Zack Moss\MossZa00,BUF,23,,13,0,112,481,4,30,31,4.3,37.0,0
45,Joshua Kelley\KellJo01,LAC,23,,14,0,111,354,2,20,33,3.2,25.3,2
46,Benny Snell Jr.\SnelBe00,PIT,22,rb,16,3,111,368,4,25,30,3.3,23.0,2
47,Raheem Mostert\MostRa00,SFO,28,rb,8,8,104,521,2,22,80,5.0,65.1,1
48,Josh Allen *\AlleJo02,BUF,24,QB,16,16,102,421,8,38,24,4.1,26.3,9
49,Malcolm Brown\BrowMa03,LAR,27,,16,0,101,419,5,28,19,4.1,26.2,1
50,Tony Pollard\PollTo00,DAL,23,rb,16,2,101,435,4,23,42,4.3,27.2,0
51,Brian Hill\HillBr02,ATL,25,rb,16,1,100,465,1,18,62,4.7,29.1,2
52,Chase Edmonds\EdmoCh00,ARI,24,rb,16,2,97,448,1,22,32,4.6,28.0,2
53,Leonard Fournette\FourLe00,TAM,25,rb,13,3,97,367,6,21,46,3.8,28.2,0
54,Alexander Mattison\MattAl01,MIN,22,rb,13,2,96,434,2,24,25,4.5,33.4,0
55,Peyton Barber\BarbPe01,WAS,26,rb,16,2,94,258,4,26,15,2.7,16.1,0
56,Devontae Booker\BookDe00,LVR,28,rb,16,1,93,423,3,21,43,4.5,26.4,1
57,Kalen Ballage\BallKa00,2TM,25,,11,2,91,303,3,25,17,3.3,27.5,1
58,Deshaun Watson *\WatsDe00,HOU,25,QB,16,16,90,444,3,31,16,4.9,27.8,8
59,Nyheim Hines\HineNy00,IND,24,rb,16,2,89,380,3,24,31,4.3,23.8,0
60,Taysom Hill\HillTa00,NOR,30,qb,16,8,87,457,8,34,43,5.3,28.6,10
61,J.D. McKissic\McKiJ.00,WAS,27,rb,16,7,85,365,1,25,17,4.3,22.8,3
62,Jordan Wilkins\WilkJo01,IND,26,,15,0,84,308,1,17,22,3.7,20.5,0
63,Russell Wilson *\WilsRu00,SEA,32,QB,16,16,83,513,2,25,38,6.2,32.1,7
64,Le'Veon Bell\BellLe00,2TM,28,,11,4,82,328,2,21,16,4.0,29.8,1
65,Carlos Hyde\HydeCa00,SEA,30,rb,10,1,81,356,4,20,50,4.4,35.6,1
66,Jerick McKinnon\McKiJe00,SFO,28,rb,16,4,81,319,5,16,55,3.9,19.9,0
67,Boston Scott\ScotBo02,PHI,25,rb,16,4,80,374,1,16,56,4.7,23.4,2
68,Sony Michel\MichSo00,NWE,25,rb,9,6,79,449,1,19,48,5.7,49.9,0
69,Duke Johnson\JohnDu00,HOU,27,rb,11,5,77,235,1,11,23,3.1,21.4,3
70,Salvon Ahmed\AhmeSa01,MIA,22,rb,6,4,75,319,3,18,31,4.3,53.2,0
71,Mark Ingram\IngrMa01,BAL,31,,11,9,72,299,2,14,30,4.2,27.2,0
72,Rex Burkhead\BurkRe00,NWE,30,,10,0,67,274,3,18,18,4.1,27.4,0
73,Daniel Jones\JoneDa05,NYG,23,QB,14,14,65,423,1,17,80,6.5,30.2,11
74,Cordarrelle Patterson*\PattCo00,CHI,29,wr,16,3,64,232,1,12,13,3.6,14.5,0
75,La'Mical Perine\PeriLa00,NYJ,22,,10,0,64,232,2,18,20,3.6,23.2,0
76,Jalen Hurts\HurtJa00,PHI,22,qb,15,4,63,354,3,25,24,5.6,23.6,9
77,Samaje Perine\PeriSa00,CIN,25,rb,16,1,63,301,3,16,46,4.8,18.8,0
78,Ito Smith\SmitIt00,ATL,25,,14,0,63,268,1,8,24,4.3,19.1,1
79,Patrick Mahomes *\MahoPa00,KAN,25,QB,15,15,62,308,2,22,24,5.0,20.5,5
80,Matt Breida\BreiMa00,MIA,25,rb,12,1,59,254,0,11,24,4.3,21.2,2
81,Justin Jackson\JackJu01,LAC,24,rb,9,4,59,270,0,15,36,4.6,30.0,0
82,Christian McCaffrey\McCaCh01,CAR,24,rb,3,3,59,225,5,14,15,3.8,75.0,0
83,Justin Herbert\HerbJu00,LAC,22,QB,15,15,55,234,5,20,31,4.3,15.6,8
84,Alfred Morris\MorrAl00,NYG,32,,9,0,55,238,1,13,20,4.3,26.4,0
85,Devonta Freeman\FreeDe00,NYG,28,,5,4,54,172,1,9,14,3.2,34.4,0
86,Ty Johnson\JohnTy02,2TM,23,,13,1,54,254,1,11,34,4.7,19.5,0
87,Baker Mayfield\MayfBa00,CLE,25,QB,16,16,54,165,1,18,28,3.1,10.3,8
88,Teddy Bridgewater\BridTe00,CAR,28,QB,15,15,53,279,5,18,18,5.3,18.6,6
89,Kerryon Johnson\JohnKe06,DET,23,rb,16,2,52,181,2,9,14,3.5,11.3,1
90,Carson Wentz\WentCa00,PHI,28,QB,12,12,52,276,5,25,40,5.3,23.0,10
91,Jared Goff\GoffJa00,LAR,26,QB,15,15,51,99,4,12,10,1.9,6.6,7
92,Jeremy McNichols\McNiJe00,TEN,25,,16,0,47,204,1,8,20,4.3,12.8,0
93,AJ Dillon\DillAJ00,GNB,22,,11,0,46,242,2,11,30,5.3,22.0,0
94,Drew Lock\LockDr00,DEN,24,QB,13,13,44,160,3,13,16,3.6,12.3,8
95,Ryan Tannehill\TannRy00,TEN,32,QB,16,16,43,266,7,22,45,6.2,16.6,6
96,Curtis Samuel\SamuCu00,CAR,24,wr,15,5,41,200,2,10,45,4.9,13.3,1
97,Rodney Smith\SmitRo08,CAR,24,rb,7,1,41,156,1,14,13,3.8,22.3,1
98,Derek Carr\CarrDe02,LVR,29,QB,16,16,39,140,3,16,18,3.6,8.8,11
99,Jamycal Hasty\HastJa02,SFO,24,,8,0,39,148,1,7,20,3.8,18.5,1
100,Darrel Williams\WillDa10,KAN,25,,16,0,39,169,1,14,13,4.3,10.6,0
101,Aaron Rodgers *\RodgAa00,GNB,37,QB,16,16,38,149,3,15,14,3.9,9.3,4
102,Joe Burrow\BurrJo01,CIN,24,QB,10,10,37,142,3,14,23,3.8,14.2,9
103,Sam Darnold\DarnSa00,NYJ,23,QB,12,12,37,217,2,13,46,5.9,18.1,4
104,Tua Tagovailoa\TagoTu00,MIA,22,qb,10,9,36,109,3,13,17,3.0,10.9,1
105,Royce Freeman\FreeRo00,DEN,24,,16,0,35,170,0,10,23,4.9,10.6,0
106,Jordan Howard\HowaJo00,2TM,26,,7,4,35,60,4,7,11,1.7,8.6,1
107,James White\WhitJa02,NWE,28,,14,0,35,121,2,6,10,3.5,8.6,1
108,DeeJay Dallas\DallDe00,SEA,22,rb,12,2,34,108,2,9,13,3.2,9.0,0
109,D'Ernest Johnson\JohnDE04,CLE,24,,16,0,33,166,0,7,28,5.0,10.4,1
110,Anthony McFarland Jr.\McFaAn00,PIT,21,,11,0,33,113,0,4,20,3.4,10.3,0
111,Mitchell Trubisky\TrubMi00,CHI,26,qb,10,9,33,195,1,12,45,5.9,19.5,6
112,Kirk Cousins\CousKi00,MIN,32,QB,16,16,32,156,1,16,16,4.9,9.8,9
113,Dare Ogunbowale\OgunDa00,JAX,26,rb,14,2,32,145,0,6,25,4.5,10.4,0
114,DeAndre Washington\WashDe00,2TM,27,,4,1,31,91,0,2,16,2.9,22.8,0
115,Tom Brady\BradTo00,TAM,43,QB,16,16,30,6,3,6,4,0.2,0.4,4
116,Ryan Fitzpatrick\FitzRy00,MIA,38,qb,9,7,30,151,2,12,17,5.0,16.8,2
117,Josh Adams\AdamJo03,NYJ,24,,8,0,29,157,2,10,25,5.4,19.6,0
118,Dion Lewis\LewiDi00,NYG,30,,16,0,29,115,2,8,19,4.0,7.2,3
119,Gardner Minshew II\MinsGa00,JAX,24,qb,9,8,29,153,1,10,16,5.3,17.0,5
120,Matt Ryan\RyanMa00,ATL,35,QB,16,16,29,92,2,8,16,3.2,5.8,6
121,Matthew Stafford\StafMa00,DET,32,QB,16,16,29,112,0,12,17,3.9,7.0,2
122,Tevin Coleman\ColeTe01,SFO,27,rb,8,1,28,53,0,3,12,1.9,6.6,0
123,Andy Dalton\DaltAn00,DAL,33,qb,11,9,28,114,0,11,13,4.1,10.4,2
124,Darwin Thompson\ThomDa06,KAN,23,rb,14,1,27,97,1,7,14,3.6,6.9,2
125,Ke'Shawn Vaughn\VaugKe00,TAM,23,,10,0,26,109,0,5,19,4.2,10.9,1
126,Trayveon Williams\WillTr06,CIN,23,,10,0,26,157,0,5,55,6.0,15.7,1
127,Travis Homer\HomeTr00,SEA,22,,9,0,25,88,0,2,12,3.5,9.8,0
128,Ben Roethlisberger\RoetBe00,PIT,38,QB,15,15,25,11,0,3,11,0.4,0.7,5
129,Robert Woods\WoodRo02,LAR,28,WR,16,16,24,155,2,9,40,6.5,9.7,2
130,J.J. Taylor\TaylJJ01,NWE,22,,6,0,23,110,0,5,28,4.8,18.3,0
131,D'Onta Foreman\ForeDO00,TEN,24,,6,0,22,95,0,6,15,4.3,15.8,0
132,Jalen Richard\RichJa01,LVR,27,,13,0,22,123,1,7,20,5.6,9.5,1
133,Corey Clement\ClemCo00,PHI,26,,15,0,21,75,1,3,7,3.6,5.0,0
134,Dwayne Haskins\HaskDw00,WAS,23,,7,6,20,46,1,6,19,2.3,6.6,6
135,Saquon Barkley\BarkSa00,NYG,23,rb,2,2,19,34,0,1,18,1.8,17.0,0
136,Ty Montgomery\MontTy01,NOR,27,rb,6,1,19,101,0,4,36,5.3,16.8,0
137,Drew Brees\BreeDr00,NOR,41,QB,12,12,18,-2,2,4,3,-0.1,-0.2,6
138,Alex Collins\CollAl00,SEA,26,,3,1,18,77,2,5,13,4.3,25.7,0
139,Dak Prescott\PresDa01,DAL,27,qb,5,5,18,93,3,8,12,5.2,18.6,3
140,Philip Rivers\RivePh00,IND,39,QB,16,16,18,-8,0,0,3,-0.4,-0.5,2
141,Laviska Shenault Jr.\ShenLa00,JAX,22,WR,14,12,18,91,0,6,17,5.1,6.5,0
142,Jacoby Brissett\BrisJa00,IND,28,,11,0,17,19,3,9,5,1.1,1.7,0
143,Kyle Juszczyk*\JuszKy00,SFO,29,FB,16,15,17,64,2,12,10,3.8,4.0,1
144,Nick Foles\FoleNi00,CHI,31,qb,9,7,16,1,1,2,7,0.1,0.1,2
145,Buddy Howell\HoweGr00,HOU,24,,14,0,16,64,0,2,9,4.0,4.6,0
146,Troymaine Pope\PopeTr00,LAC,27,,6,0,15,76,0,3,26,5.1,12.7,0
147,Tarik Cohen\CoheTa00,CHI,25,,3,0,14,74,0,3,17,5.3,24.7,0
148,Darrynton Evans\EvanDa02,TEN,22,,5,0,14,54,0,2,9,3.9,10.8,0
149,Brandon Allen\AlleBr00,CIN,28,qb,5,5,13,27,0,5,4,2.1,5.4,1
150,Tim Boyle\BoylTi00,GNB,26,,8,0,13,-9,0,0,0,-0.7,-1.1,1
151,Tyler Ervin\ErviTy00,GNB,27,,8,0,13,67,0,4,21,5.2,8.4,0
152,Tyreek Hill*\HillTy00,KAN,26,WR,15,15,13,123,2,5,32,9.5,8.2,1
153,Patrick Laird\LairPa00,MIA,25,,16,0,13,72,0,4,17,5.5,4.5,1
154,Reggie Bonnafon\BonnRe00,CAR,24,,2,0,12,69,0,4,22,5.8,34.5,0
155,Robert Griffin III\GrifRo01,BAL,30,,4,1,12,69,0,4,39,5.8,17.3,1
156,Justice Hill\HillJu00,BAL,23,,12,0,12,60,0,2,19,5.0,5.0,0
157,Antonio Williams\WillAn03,BUF,23,,1,0,12,63,2,4,18,5.3,63.0,0
158,Mike Boone\BoonMi00,MIN,25,,16,0,11,59,1,2,19,5.4,3.7,0
159,Ryan Finley\FinlRy00,CIN,26,qb,5,1,11,66,1,4,23,6.0,13.2,0
160,Rashaad Penny\PennRa00,SEA,24,,3,0,11,34,0,1,7,3.1,11.3,0
161,Trenton Cannon\CannTr00,CAR,26,,14,0,10,33,0,2,13,3.3,2.4,0
162,Chase Claypool\ClayCh01,PIT,22,wr,16,6,10,16,2,4,8,1.6,1.0,3
163,Jimmy Garoppolo\GaroJi00,SFO,29,qb,6,6,10,25,0,3,9,2.5,4.2,2
164,Tyler Huntley\HuntTy01,BAL,22,,2,0,10,23,0,1,19,2.3,11.5,0
165,CeeDee Lamb\LambCe00,DAL,21,WR,16,14,10,82,1,4,19,8.2,5.1,2
166,LeSean McCoy\McCoLe01,TAM,32,,10,0,10,31,0,2,14,3.1,3.1,0
167,Isaiah McKenzie\McKeIs00,BUF,25,wr,16,7,10,9,0,2,14,0.9,0.6,0
168,C.J. Prosise\ProsC.00,HOU,26,,10,0,10,19,0,0,7,1.9,1.9,1
169,Alex Smith\SmitAl03,WAS,36,qb,8,6,10,3,0,0,5,0.3,0.4,2
170,T.J. Yeldon\YeldT.00,BUF,27,,3,0,10,70,0,5,34,7.0,23.3,1
171,Lynn Bowden Jr.\BowdLy00,MIA,23,rb,10,4,9,32,0,3,11,3.6,3.2,0
172,Blaine Gabbert\GabbBl00,TAM,31,,4,0,9,16,0,0,16,1.8,4.0,1
173,KJ Hamler\HamlKJ00,DEN,21,wr,13,4,9,40,0,2,15,4.4,3.1,2
174,Dontrell Hilliard\HillDo00,2TM,25,,7,0,9,48,0,3,19,5.3,6.9,0
175,Marcus Mariota\MariMa01,LVR,27,,1,0,9,88,1,8,26,9.8,88.0,0
176,Colt McCoy\McCoCo00,NYG,34,qb,4,2,9,12,0,0,4,1.3,3.0,1
177,Nick Mullens\MullNi00,SFO,25,qb,10,8,9,8,0,1,7,0.9,0.8,6
178,Henry Ruggs III\RuggHe00,LVR,21,WR,13,12,9,49,0,3,12,5.4,3.8,2
179,Jaylen Samuels\SamuJa00,PIT,24,rb,14,1,9,28,0,1,6,3.1,2.0,0
180,Ameer Abdullah\AbduAm00,MIN,27,,16,0,8,42,0,4,13,5.3,2.6,0
181,David Moore\MoorDa03,SEA,25,wr,16,6,8,61,0,4,15,7.6,3.8,1
182,Deebo Samuel\SamuDe00,SFO,24,wr,7,5,8,26,0,1,10,3.3,3.7,0
183,Dwayne Washington\WashDw00,NOR,26,,11,0,8,15,0,0,5,1.9,1.4,0
184,Jameis Winston\WinsJa00,NOR,26,,4,0,8,-6,0,0,3,-0.8,-1.5,0
185,Kyle Allen\AlleKy00,WAS,24,qb,4,4,7,26,1,3,13,3.7,6.5,1
186,Michael Burton\BurtMi00,NOR,28,fb,15,4,7,18,0,6,7,2.6,1.2,0
187,Rico Dowdle\DowdRi01,DAL,22,,15,0,7,24,0,1,7,3.4,1.6,0
188,Chad Henne\HennCh01,KAN,35,qb,3,1,7,-2,1,1,1,-0.3,-0.7,2
189,Mason Rudolph\RudoMa00,PIT,25,qb,5,1,7,-6,0,0,1,-0.9,-1.2,0
190,Jarrett Stidham\StidJa00,NWE,24,,5,0,7,7,0,3,6,1.0,1.4,0
191,Chris Thompson\ThomCh03,JAX,30,,8,0,7,20,0,1,5,2.9,2.5,0
192,Logan Woodside\WoodLo00,TEN,25,,6,0,7,10,0,1,18,1.4,1.7,0
193,Jamal Agnew\AgneJa00,DET,25,wr,14,2,6,33,0,3,11,5.5,2.4,2
194,Brandon Aiyuk\AiyuBr00,SFO,22,WR,12,11,6,77,2,3,38,12.8,6.4,0
195,Alex Armah\ArmaAl00,CAR,26,fb,16,1,6,9,0,5,3,1.5,0.6,0
196,Matt Barkley\BarkMa00,BUF,30,,5,0,6,-6,0,0,-1,-1.0,-1.2,0
197,C.J. Beathard\BeatC.00,SFO,27,qb,6,2,6,28,0,1,17,4.7,4.7,3
198,Amari Cooper\CoopAm00,DAL,26,WR,16,15,6,14,0,1,10,2.3,0.9,0
199,Ben DiNucci\DiNuBe00,DAL,24,qb,3,1,6,22,0,2,10,3.7,7.3,4
200,Jeff Driskel\DrisJe00,DEN,27,qb,3,1,6,28,0,3,9,4.7,9.3,0
201,Evan Engram *\EngrEv00,NYG,26,TE,16,14,6,26,1,1,9,4.3,1.6,1
202,Joe Flacco\FlacJo00,NYJ,35,qb,5,4,6,22,0,3,9,3.7,4.4,1
203,Mike Glennon\GlenMi00,JAX,31,qb,5,5,6,17,0,2,4,2.8,3.4,2
204,De'Michael Harris\HarrDe11,IND,22,,7,0,6,46,0,3,19,7.7,6.6,0
205,Deonte Harris\HarrDe07,NOR,23,wr,9,2,6,51,0,2,23,8.5,5.7,3
206,Elijhaa Penny\PennEl00,NYG,27,,14,0,6,15,0,4,5,2.5,1.1,0
207,Artavis Pierce\PierAr00,CHI,24,,5,0,6,34,1,2,23,5.7,6.8,0
208,Theo Riddick\RiddTh00,LVR,29,,4,0,6,14,0,1,11,2.3,3.5,0
209,Bo Scarbrough\ScarBo01,SEA,26,,1,0,6,31,0,1,12,5.2,31.0,0
210,Sterling Shepard\ShepSt00,NYG,27,WR,12,12,6,49,1,2,23,8.2,4.1,0
211,Tyrod Taylor\TaylTy00,LAC,31,qb,2,1,6,7,0,1,4,1.2,3.5,0
212,John Wolford\WolfJo00,LAR,25,qb,1,1,6,56,0,4,14,9.3,56.0,0
213,Tyler Boyd\BoydTy00,CIN,26,wr,15,8,5,49,0,2,25,9.8,3.3,1
214,Alex Erickson\EricAl01,CIN,28,wr,16,2,5,7,0,0,7,1.4,0.4,2
215,C.J. Ham\HamxC.00,MIN,27,FB,15,11,5,18,0,2,10,3.6,1.2,0
216,Tee Higgins\HiggTe00,CIN,21,WR,16,14,5,28,0,1,13,5.6,1.8,1
217,Jason Huntley\HuntJa01,PHI,22,,5,0,5,19,0,1,10,3.8,3.8,0
218,Trace McSorley\McSoTr00,BAL,25,,2,0,5,17,0,2,9,3.4,8.5,0
219,Gunner Olszewski\OlszGu00,NWE,24,wr,13,2,5,23,0,1,12,4.6,1.8,1
220,Joe Reed\ReedJo03,LAC,22,,11,0,5,29,1,1,8,5.8,2.6,0
221,Calvin Ridley\RidlCa00,ATL,26,WR,15,15,5,1,0,1,8,0.2,0.1,1
222,Brett Rypien\RypiBr00,DEN,24,qb,3,1,5,-5,0,0,-1,-1.0,-1.7,1
223,Phillip Walker\WalkPh00,CAR,25,qb,4,1,5,-2,0,0,2,-0.4,-0.5,1
224,Robby Anderson\AndeRo04,CAR,27,WR,16,16,4,15,0,1,11,3.8,0.9,1
225,Cameron Batson\BatsCa00,TEN,25,wr,12,1,4,20,0,2,11,5.0,1.7,1
226,LeVante Bellamy\BellLe02,DEN,24,,5,0,4,11,0,0,8,2.8,2.2,0
227,Devin Duvernay\DuveDe00,BAL,23,wr,16,3,4,70,0,3,42,17.5,4.4,0
228,Mecole Hardman\HardMe00,KAN,22,wr,16,8,4,31,0,2,20,7.8,1.9,2
229,Cooper Kupp\KuppCo00,LAR,27,WR,15,12,4,33,0,3,16,8.3,2.2,1
230,Jarvis Landry\LandJa00,CLE,28,WR,15,14,4,10,1,2,5,2.5,0.7,2
231,Marlon Mack\MackMa00,IND,24,rb,1,1,4,26,0,2,18,6.5,26.0,0
232,Ray-Ray McCloud\McClRa00,PIT,24,wr,16,2,4,65,0,1,58,16.3,4.1,2
233,Darnell Mooney\MoonDa00,CHI,23,wr,16,9,4,20,0,1,16,5.0,1.3,1
234,Jalen Reagor\ReagJa00,PHI,21,WR,11,11,4,26,0,2,19,6.5,2.4,2
235,Keith Smith\SmitKe03,ATL,28,fb,16,7,4,7,0,4,3,1.8,0.4,0
236,Tommy Stevens\StevTo01,CAR,24,,1,0,4,24,0,2,10,6.0,24.0,0
237,Chris Streveler\StreCh00,ARI,25,,5,0,4,15,0,2,12,3.8,3.0,1
238,Marquez Valdes-Scantling\ValdMa00,GNB,26,WR,16,12,4,13,0,1,9,3.3,0.8,1
239,Odell Beckham Jr.\BeckOd00,CLE,28,wr,7,7,3,72,1,2,50,24.0,10.3,0
240,Braxton Berrios\BerrBr00,NYJ,25,wr,16,2,3,29,0,1,15,9.7,1.8,0
241,Tony Brooks-James\BrooTo01,ATL,26,,1,0,3,4,0,0,4,1.3,4.0,0
242,Garrett Gilbert\GilbGa01,DAL,29,qb,1,1,3,28,0,2,15,9.3,28.0,0
243,Jakeem Grant\GranJa00,MIA,28,wr,14,4,3,20,0,1,29,6.7,1.4,2
244,Taylor Heinicke\HeinTa00,WAS,27,,1,0,3,22,0,2,12,7.3,22.0,0
245,Alec Ingold\IngoAl01,LVR,24,fb,16,4,3,4,0,2,3,1.3,0.3,0
246,Diontae Johnson\JohnDi01,PIT,24,WR,15,13,3,15,0,0,9,5.0,1.0,2
247,Tyron Johnson\JohnTy03,LAC,24,,12,0,3,17,0,0,7,5.7,1.4,0
248,Tony Jones\JoneTo04,NOR,23,rb,1,1,3,13,0,1,6,4.3,13.0,0
249,John Lovett\LoveJo02,GNB,24,,8,0,3,6,0,0,4,2.0,0.8,0
250,Scott Miller\MillSc01,TAM,23,wr,16,5,3,14,0,0,7,4.7,0.9,0
251,Ryan Nall\NallRy00,CHI,25,,16,0,3,0,0,0,0,0.0,0.0,0
252,Malcolm Perry\PerrMa00,MIA,23,rb,9,2,3,5,0,1,6,1.7,0.6,1
253,Michael Pittman Jr.\PittMi01,IND,23,wr,13,8,3,26,0,1,21,8.7,2.0,0
254,Matt Schaub\SchaMa00,ATL,39,,1,0,3,-4,0,0,-1,-1.3,-4.0,0
255,Anthony Sherman\SherAn00,KAN,32,rb,13,1,3,8,0,2,6,2.7,0.6,0
256,Diontae Spencer\SpenDi00,DEN,28,,11,0,3,19,0,1,9,6.3,1.7,2
257,Adam Thielen\ThieAd00,MIN,30,WR,15,15,3,15,0,0,8,5.0,1.0,0
258,Logan Thomas\ThomLo00,WAS,29,TE,16,15,3,5,0,2,3,1.7,0.3,0
259,Cedrick Wilson Jr.\WilsCe01,DAL,25,,16,0,3,-12,0,0,-1,-4.0,-0.8,0
260,Isaiah Wright\WrigIs01,WAS,23,wr,14,6,3,16,0,0,9,5.3,1.1,3
261,Antonio Brown\BrowAn04,TAM,32,wr,8,4,2,-2,0,0,1,-1.0,-0.3,0
262,Trey Burton\BurtTr01,IND,29,te,13,4,2,3,2,2,2,1.5,0.2,0
263,Damiere Byrd\ByrdDa00,NWE,27,WR,16,14,2,15,0,1,11,7.5,0.9,3
264,Parris Campbell\CampPa00,IND,23,wr,2,2,2,16,0,2,9,8.0,8.0,0
265,Jeremy Chinn\ChinJe00,CAR,22,FS,15,15,2,29,0,1,28,14.5,1.9,0
266,Chase Daniel\DaniCh00,DET,34,,4,0,2,16,0,1,11,8.0,4.0,0
267,Joshua Dobbs\DobbJo00,PIT,25,,1,0,2,20,0,1,13,10.0,20.0,0
268,Ashton Dulin\DuliAs00,IND,23,,13,0,2,11,0,0,8,5.5,0.8,1
269,Julian Edelman\EdelJu00,NWE,34,wr,6,1,2,22,0,1,23,11.0,3.7,0
270,Clayton Fejedelem\FejeCl00,MIA,27,,13,0,2,23,0,2,22,11.5,1.8,0
271,D.J. Foster\FostD.01,ARI,27,,10,0,2,2,0,0,2,1.0,0.2,0
272,Russell Gage\GageRu00,ATL,24,wr,16,8,2,9,0,1,11,4.5,0.6,0
273,Jalen Guyton\GuytJa01,LAC,23,wr,16,9,2,0,0,0,4,0.0,0.0,0
274,N'Keal Harry\HarrNK00,NWE,23,wr,14,9,2,0,0,0,2,0.0,0.0,1
275,Myles Hartsfield\HartMy00,CAR,23,,16,0,2,2,0,0,2,1.0,0.1,0
276,Kendall Hinton\HintKe00,DEN,23,,1,0,2,7,0,0,5,3.5,7.0,0
277,Andy Janovich\JanoAn00,CLE,27,fb,14,3,2,4,0,1,2,2.0,0.3,0
278,Christian Kirk\KirkCh01,ARI,24,WR,14,10,2,3,0,1,3,1.5,0.2,1
279,George Kittle\KittGe00,SFO,27,te,8,8,2,17,0,1,9,8.5,2.1,0
280,Allen Lazard\LazaAl00,GNB,25,wr,10,9,2,17,0,1,19,8.5,1.7,0
281,Tommylee Lewis\LewiTo00,NOR,28,,5,0,2,14,0,1,16,7.0,2.8,0
282,Terry McLaurin\McLaTe00,WAS,25,WR,15,15,2,30,0,2,27,15.0,2.0,1
283,Jakobi Meyers\MeyeJa01,NWE,24,wr,14,9,2,9,0,0,7,4.5,0.6,1
284,Anthony Miller\MillAn02,CHI,26,wr,16,6,2,12,0,1,9,6.0,0.8,2
285,D.J. Moore\MoorD.00,CAR,23,WR,15,14,2,22,0,1,21,11.0,1.5,0
286,Gabe Nabers\NabeGa00,LAC,23,rb,16,5,2,7,0,1,4,3.5,0.4,0
287,Senorise Perry\PerrSe00,TEN,29,,7,0,2,9,0,1,6,4.5,1.3,0
288,Scottie Phillips\PhilSc01,HOU,23,,8,0,2,9,0,0,5,4.5,1.1,0
289,Brandon Powell\PoweBr00,ATL,25,wr,15,1,2,7,0,0,4,3.5,0.5,2
290,Darius Slayton\SlayDa01,NYG,23,WR,16,15,2,-1,0,0,2,-0.5,-0.1,1
291,Geno Smith\SmitGe00,SEA,30,,1,0,2,-2,0,0,0,-1.0,-2.0,1
292,Jonnu Smith\SmitJo01,TEN,25,TE,15,14,2,4,1,1,3,2.0,0.3,0
293,Nate Sudfeld\SudfNa00,PHI,27,,1,0,2,12,0,1,12,6.0,12.0,1
294,Greg Ward\WardGr02,PHI,25,WR,16,10,2,-4,0,0,2,-2.0,-0.3,2
295,Dexter Williams\WillDe07,GNB,23,,3,0,2,8,0,0,5,4.0,2.7,0
296,Shawn Williams\WillSh02,CIN,29,,13,0,2,46,0,2,39,23.0,3.5,0
297,Isaiah Zuber\ZubeIs00,NWE,23,,4,0,2,21,0,2,13,10.5,5.3,0
298,Jordan Akins\AkinJo00,HOU,28,te,13,5,1,4,0,1,4,4.0,0.3,0
299,Keenan Allen *\AlleKe00,LAC,28,WR,14,13,1,-1,0,0,-1,-1.0,-0.1,3
300,Danny Amendola\AmenDa00,DET,35,wr,14,5,1,2,0,1,2,2.0,0.1,0
301,Blake Bell\BellBl00,DAL,29,te,16,2,1,2,0,1,2,2.0,0.1,0
302,Nick Bellore*\BellNi01,SEA,31,,16,0,1,5,0,0,5,5.0,0.3,0
303,David Blough\BlouDa00,DET,25,,1,0,1,18,0,1,18,18.0,18.0,0
304,C.J. Board\BoarC.00,NYG,27,wr,14,4,1,3,0,0,3,3.0,0.2,0
305,Marquise Brown\BrowMa04,BAL,23,WR,16,14,1,1,0,0,1,1.0,0.1,0
306,Noah Brown\BrowNo00,DAL,24,wr,16,1,1,4,0,0,4,4.0,0.3,0
307,Jason Cabinda\CabiJa00,DET,24,mlb,16,2,1,0,0,0,0,0.0,0.0,0
308,AJ Cole III\ColeAJ01,LVR,25,p,16,0,1,0,0,0,0,0.0,0.0,1
309,Keelan Cole\ColeKe00,JAX,27,wr,16,5,1,2,0,0,2,2.0,0.1,0
310,Jamison Crowder\CrowJa00,NYJ,27,wr,12,7,1,14,0,1,14,14.0,1.2,0
311,Gabriel Davis\DaviGa01,BUF,21,WR,16,11,1,0,0,0,0,0.0,0.0,1
312,Stefon Diggs*\DiggSt00,BUF,27,WR,16,15,1,1,0,0,1,1.0,0.1,0
313,Gerald Everett\EverGe00,LAR,26,te,16,7,1,2,1,1,2,2.0,0.1,1
314,Will Fuller\FullWi01,HOU,26,WR,11,11,1,0,0,0,0,0.0,0.0,0
315,Antonio Gandy-Golden\GandAn00,WAS,22,wr,6,2,1,22,0,1,22,22.0,3.7,0
316,Jamie Gillan\GillJa00,CLE,23,p,16,0,1,-2,0,0,-2,-2.0,-0.1,1
317,Terry Godwin\GodwTe00,JAX,24,,3,0,1,3,0,0,3,3.0,1.0,0
318,Marvin Hall\HallMa02,2TM,27,,12,6,1,1,0,0,1,1.0,0.1,0
319,Penny Hart\HartPe01,SEA,24,,13,0,1,19,0,1,19,19.0,1.5,0
320,Jeff Heath\HeatJe00,LVR,29,ss,13,5,1,1,0,1,1,1.0,0.1,0
321,Tyler Higbee\HigbTy00,LAR,27,TE,15,15,1,1,0,0,1,1.0,0.1,0
322,John Hightower\HighJo00,PHI,24,wr,13,4,1,1,0,0,1,1.0,0.1,0
323,T.J. Hockenson *\HockTJ00,DET,23,TE,16,16,1,0,0,0,0,0.0,0.0,1
324,Amani Hooker\HookAm00,TEN,22,fs,16,3,1,4,0,1,4,4.0,0.3,0
325,DeAndre Hopkins*\HopkDe00,ARI,28,WR,16,16,1,1,0,0,1,1.0,0.1,3
326,Brian Hoyer\HoyeBr00,NWE,35,qb,1,1,1,8,0,1,8,8.0,8.0,1
327,Andy Isabella\IsabAn00,ARI,24,wr,13,2,1,-6,0,0,-6,-6.0,-0.5,1
328,DeSean Jackson\JackDe00,PHI,34,wr,5,5,1,12,0,1,12,12.0,2.4,0
329,Justin Jefferson *\JeffJu00,MIN,21,WR,16,14,1,2,0,0,2,2.0,0.1,1
330,Van Jefferson\JeffVa00,LAR,24,,16,0,1,-1,0,0,-1,-1.0,-0.1,1
331,Chris Jones\JoneCh02,DAL,31,p,8,0,1,0,0,0,0,0.0,0.0,0
332,Adrian Killins\KillAd00,PHI,22,,1,0,1,-12,0,0,-12,-12.0,-12.0,0
333,Cole Kmet\KmetCo00,CHI,21,te,16,9,1,-3,0,0,-3,-3.0,-0.2,1
334,Ty Long\LongTy00,LAC,27,p,16,0,1,-28,0,0,-28,-28.0,-1.8,0
335,Jake Luton\LutoJa00,JAX,24,qb,3,3,1,13,1,1,13,13.0,4.3,2
336,Josh Malone\MaloJo00,NYJ,24,,4,0,1,12,0,1,12,12.0,3.0,0
337,Sam Martin\MartSa01,DEN,30,p,16,0,1,0,0,0,0,0.0,0.0,1
338,Barkevious Mingo\MingBa00,CHI,30,olb,16,3,1,11,0,1,11,11.0,0.7,0
339,Donte Moncrief\MoncDo00,NWE,27,,6,0,1,4,0,1,4,4.0,0.7,0
340,C.J. Moore\MoorCJ01,DET,25,,12,0,1,3,0,0,3,3.0,0.3,0
341,Jojo Natson\NatsJo00,CLE,26,,3,0,1,3,0,0,3,3.0,1.0,0
342,Sharrod Neasman\NeasSh00,ATL,29,cb,16,2,1,2,0,0,2,2.0,0.1,1
343,Qadree Ollison\OlliQa00,ATL,24,,3,0,1,3,0,1,3,3.0,1.0,0
344,Devine Ozigbo\OzigDe01,JAX,24,,8,0,1,1,0,0,1,1.0,0.1,0
345,Breshad Perriman\PerrBr02,NYJ,27,WR,12,12,1,6,0,0,6,6.0,0.5,0
346,Nathan Peterman\PeteNa00,LVR,26,,1,0,1,9,0,1,9,9.0,9.0,0
347,Kalif Raymond\RaymKa00,TEN,26,wr,15,3,1,-3,0,0,-3,-3.0,-0.2,0
348,Craig Reynolds\ReynCr00,JAX,24,,2,0,1,4,0,0,4,4.0,2.0,0
349,Josh Reynolds\ReynJo00,LAR,25,WR,16,13,1,5,0,0,5,5.0,0.3,2
350,Patrick Ricard*\RicaPa00,BAL,26,FB,15,10,1,-1,0,0,-1,-1.0,-0.1,1
351,Andre Roberts*\RobeAn00,BUF,32,,15,0,1,-3,0,0,-3,-3.0,-0.2,3
352,Allen Robinson\RobiAl02,CHI,27,WR,16,16,1,-1,0,0,-1,-1.0,-0.1,0
353,Emmanuel Sanders\SandEm00,NOR,33,wr,14,5,1,12,0,1,12,12.0,0.9,1
354,Mohamed Sanu\SanuMo00,2TM,31,,10,4,1,3,0,1,3,3.0,0.3,0
355,Cam Sims\SimsCa00,WAS,24,WR,16,10,1,5,0,0,5,5.0,0.3,0
356,Steven Sims\SimsSt00,WAS,23,wr,12,2,1,18,0,1,18,18.0,1.5,5
357,Matt Skura\SkurMa01,BAL,27,C,15,12,1,0,0,0,0,0.0,0.0,4
358,Tre'Quan Smith\SmitTr03,NOR,24,WR,14,10,1,3,0,0,3,3.0,0.2,1
359,Equanimeous St. Brown\St.BEq00,GNB,24,wr,12,1,1,7,0,1,7,7.0,0.6,0
360,Easton Stick\SticEa00,LAC,25,,1,0,1,-2,0,0,-2,-2.0,-2.0,0
361,Malik Taylor\TaylMa01,GNB,25,wr,15,1,1,9,0,0,9,9.0,0.6,0
362,Michael Thomas\ThomMi05,NOR,27,wr,7,5,1,1,0,0,1,1.0,0.1,0
363,Mike Thomas\ThomMi04,CIN,26,,14,0,1,1,0,0,1,1.0,0.1,1
364,Darian Thompson\ThomDa05,DAL,27,fs,15,7,1,3,0,0,3,3.0,0.2,0
365,Austin Walter\WaltAu00,SFO,24,,4,0,1,3,0,0,3,3.0,0.8,0
366,Sammy Watkins\WatkSa00,KAN,27,wr,10,9,1,3,0,0,3,3.0,0.3,1
367,Trevon Wesco\WescTr00,NYJ,25,te,12,4,1,0,0,0,0,0.0,0.0,0
368,Jonathan Williams\WillJo07,DET,26,,5,0,1,5,0,0,5,5.0,1.0,1
369,Mike Williams\WillMi07,LAC,26,WR,15,11,1,1,0,0,1,1.0,0.1,0
370,Javon Wims\WimsJa00,CHI,26,wr,13,1,1,2,0,0,2,2.0,0.2,0
371,Olamide Zaccheaus\ZaccOl01,ATL,23,wr,11,2,1,0,0,0,0,0.0,0.0,0
372,Brandon Zylstra\ZylsBr00,CAR,27,wr,16,2,1,1,0,0,1,1.0,0.1,0